focus beats,lo-fi
k-pop,pop
pov: indie,rock
k-pop girl group,pop
classic oklahoma country,country
modern country pop,country
uk pop,pop
singer-songwriter pop,pop
eurodance,electronic
children's music,childrens
movie tunes,show tunes
show tunes,show tunes
reggae fusion,reggae
folk-pop,folk
broadway,show tunes
afrobeats,world
hollywood,show tunes
alt z,hip hop
europop,pop
j-pop,pop
nursery,childrens
nigerian pop,world
k-pop boy group,pop
post-teen pop,pop
cyber metal,metal
background piano,soundtrack
outlaw country,country
afrobeat,world
metropopolis,pop
classic texas country,country
german techno,electronic
lo-fi jazzhop,lo-fi
gym phonk,electronic
boy band,pop
soul jazz,jazz
barbadian pop,world
brazilian gospel,gospel
progressive deathcore,metal
viral pop,pop
preschool children's music,childrens
girl group,pop
australian dance,electronic
jazz funk,jazz
uk hip hop,hip hop
british soul,jazz
irish rock,rock
country pop,country
drift phonk,electronic
australian pop,pop
talent show,pop
red dirt,country
country dawn,country
pixel,soundtrack
swedish pop,pop
britpop,pop
grime,hip hop
emo rap,hip hop
electropop,pop
phonk brasileiro,electronic
morna,world
gospel,gospel
swedish metalcore,metal
indie pop,pop
uk reggae,reggae
canadian contemporary r&b,r&b
classic soundtrack,soundtrack
italian death metal,metal
pop edm,electronic
filter house,electronic
escape room,pop
children's folk,childrens
jazz trio,jazz
west african jazz,world
thall,metal
tropical house,electronic
mexican pop,latin american pop
vintage italian soundtrack,soundtrack
adoracao,gospel
italo dance,electronic
trap argentino,hip hop
lgbtq+ hip hop,hip hop
latin viral pop,latin american pop
australian rock,rock
symphonic death metal,metal
jazz guitar,jazz
french soundtrack,soundtrack
dutch trance,electronic
kentucky roots,country
bubble trance,electronic
otacore,soundtrack
electric bass,rock
power blues-rock,rock
bassline,electronic
indie soul,jazz
rap rock,rock
black americana,folk
gymcore,electronic
pop soul,jazz
azontobeats,world
hypertechno,electronic
musica andina colombiana,world
melodic groove metal,metal
uk contemporary r&b,r&b
kentucky indie,rock
jump blues,blues
jazz quartet,jazz
classic country pop,country
afro-funk,jazz
irish singer-songwriter,pop
electro latino,latin american pop
musica tradicional cubana,world
aussietronica,electronic
dancehall queen,caribbean
j-rock,rock
stutter house,electronic
modern southern rock,rock
italian adult pop,pop
indie game soundtrack,soundtrack
ethio-jazz,jazz
scottish rock,rock
russian metalcore,metal
nz reggae,reggae
japanese vgm,soundtrack
funk mtg,jazz
belgian dance,electronic
west end,show tunes
meme rap,hip hop
lo-fi sleep,lo-fi
nova mpb,jazz
bedroom pop,pop
glitch,electronic
pop nacional,world
kindie rock,childrens
rap latina,latin american pop
swedish jazz,jazz
arabic jazz,world
instrumental funk,jazz
gen z singer-songwriter,pop
indie poptimism,pop
german dance,electronic
lo-fi study,lo-fi
acoustic pop,pop
anime rock,rock
brazilian ccm,gospel
uplifting trance,electronic
funk rj,jazz
american choir,classical
modern reggae,reggae
cartoon,soundtrack
vocal house,electronic
african reggae,reggae
new age piano,classical
azonto,world
classic italian pop,world
modern folk rock,rock
r&b en espanol,latin american pop
melodic metal,metal
